{"-10.0": [9442.59929159523, 9448.075693173601, 9441.99140068544, 9446.25069548841, 9438.015606222752], "-9.0": [6105.214166033035, 6107.692342564901, 6105.128691939557, 6108.765759405349, 6104.510216468404], "-8.0": [3728.803278174026, 3731.989439288389, 3725.424816810515, 3725.8568584899062, 3737.924935377652], "-7.0": [2115.6750429020067, 2116.3691267702734, 2117.0946098343056, 2113.0234201950966, 2113.849794900004], "-6.0": [1079.7697496099313, 1086.399996167309, 1081.6986932960217, 1079.7336498063044, 1071.0701083314289], "-5.0": [463.8691734242973, 468.16305768827857, 472.9657065723581, 470.23320571707956, 468.009768416105], "-4.0": [149.05482354665352, 147.238779567267, 153.70267714214413, 146.08533374383458, 150.16827066158902], "-3.0": [16.762764758295578, 16.077988247508024, 13.19236539183024, 15.786716946897606, 11.686385327995458], "-2.0": [-18.24054010660813, -20.94570406432732, -21.126866119630765, -20.040731088206563, -19.35323457921316], "-1.0": [-14.245077090967108, -15.585643434924364, -15.693987302401084, -15.19749125329272, -16.157166409874026], "0.0": [-6.09920713038601, -5.548850027862704, -5.331132254037432, -7.845817182834107, -6.367160062792198], "1.0": [-3.8655447876278926, -7.959731944909612, -6.748551031283094, -4.3491756030391935, -4.616045024828347], "2.0": [-2.4479918033725436, -2.8158454310173573, -1.8707710447496773, -0.015865452342039177, 1.8869651558197331], "3.0": [43.03139202297457, 45.04397125604933, 42.06168062015482, 46.174909270854045, 43.15859553628458], "4.0": [191.19402094418916, 186.5153666782229, 190.35653913077414, 191.21326860620286, 188.97310155850732], "5.0": [517.2307792848351, 515.8457845860673, 522.6400012375857, 514.8607423528846, 522.1973841993308], "6.0": [1136.7259838181262, 1143.1264934595822, 1137.8289172859788, 1147.5672536861048, 1137.3406226679285], "7.0": [2192.260033952831, 2190.1477458507893, 2185.01972408228, 2183.8975141591686, 2178.3223368178387], "8.0": [3809.196458698193, 3811.1007895950074, 3811.3990193742375, 3807.4400123149744, 3799.4645211239354], "9.0": [6196.990086071761, 6192.389120419837, 6191.760568456395, 6196.110363127739, 6192.77369180165], "10.0": [9543.121045139005, 9533.265716327476, 9546.841424425551, 9543.953753835905, 9553.504085731804]}